11:15,13:00,UTO,,Ucionica:Raf04 (u),"{nastavnik=Mijatovic Igor, tip=V, grupa=101, predmet=Poslovne aplikacije}"
13:15,15:00,PON,,Ucionica:Rg07 (u),"{nastavnik=Brnabic Mateja, tip=D, grupa=101, predmet=Uvod u programiranje}"
13:15,15:00,UTO,,Ucionica:Raf02 (u),"{nastavnik=Tomic Milan, tip=V, grupa=101, predmet=Uvod u programiranje}"
17:15,20:00,UTO,,Ucionica:Raf21 (a),"{nastavnik=Jeremic Adrijana, tip=V, grupa=101, 102, 103, predmet=Diskretne strukture}"
16:15,18:00,SRE,,Ucionica:Raf06 (a),"{nastavnik=Jovanovic Irena, tip=P, grupa=101, 102, 103, predmet=Diskretne strukture}"
15:15,17:00,UTO,,Ucionica:Raf21 (a),"{nastavnik=Cuk Bojana, tip=P, grupa=101, 102, 103, predmet=Engleski 1}"
18:15,21:00,SRE,,Ucionica:Raf20 (a),"{nastavnik=Jovanovic Jelena, tip=P, grupa=101, 102, 103, predmet=Linearna algebra i analiticka geometrija}"
18:15,21:00,ČET,,Ucionica:Raf20 (a),"{nastavnik=Jovanovic Jelena, tip=V, grupa=101, 102, 103, predmet=Linearna algebra i analiticka geometrija}"
11:15,13:00,PON,,Ucionica:Kolarac2,"{nastavnik=Urosevic Dragan, tip=P, grupa=101, 102, 103, predmet=Uvod u programiranje}"
13:15,15:00,PON,,Ucionica:Raf04 (u),"{nastavnik=Mijatovic Igor, tip=V, grupa=102, predmet=Poslovne aplikacije}"
15:15,17:00,PON,,Ucionica:Rg07 (u),"{nastavnik=Brnabic Mateja, tip=D, grupa=102, predmet=Uvod u programiranje}"
15:15,17:00,ČET,,Ucionica:Raf04 (u),"{nastavnik=Tomic Milan, tip=V, grupa=102, predmet=Uvod u programiranje}"
13:15,15:00,ČET,,Ucionica:Raf04 (u),"{nastavnik=Mijatovic Igor, tip=V, grupa=103, predmet=Poslovne aplikacije}"
15:15,17:00,ČET,,Ucionica:Raf07 (u),"{nastavnik=Matovic Vanja, tip=D, grupa=103, predmet=Uvod u programiranje}"
14:15,16:00,PON,,Ucionica:Raf07 (u),"{nastavnik=Tomic Milan, tip=V, grupa=103, predmet=Uvod u programiranje}"
15:15,17:00,PON,,Ucionica:Raf04 (u),"{nastavnik=Mijatovic Igor, tip=V, grupa=104, predmet=Poslovne aplikacije}"
10:15,12:00,SRE,,Ucionica:Raf05 (u),"{nastavnik=Matovic Vanja, tip=D, grupa=104, predmet=Uvod u programiranje}"
12:15,14:00,SRE,,Ucionica:Raf05 (u),"{nastavnik=Jovanovic Mladen, tip=V, grupa=104, predmet=Uvod u programiranje}"
16:15,19:00,SRE,,Ucionica:Kolarac3,"{nastavnik=Gardasevic Filipovic Milanka, tip=P, grupa=104, 105, predmet=Linearna algebra i analiticka geometrija}"
15:15,17:00,UTO,,Ucionica:Raf20 (a),"{nastavnik=Jovanovic Irena, tip=P, grupa=104, 105, 106, predmet=Diskretne strukture}"
18:15,21:00,PET,,Ucionica:Raf20 (a),"{nastavnik=Jeremic Adrijana, tip=V, grupa=104, 105, 106, predmet=Diskretne strukture}"
13:15,15:00,ČET,,Ucionica:Raf21 (a),"{nastavnik=Mladenovic Marko, tip=P, grupa=104, 105, 106, predmet=Uvod u programiranje}"
17:15,20:00,UTO,,Ucionica:Kolarac3,"{nastavnik=Jerotijevic Marija, tip=V, grupa=104, 107, 112, predmet=Linearna algebra i analiticka geometrija}"
17:15,19:00,PON,,Ucionica:Raf11 (a),"{nastavnik=Cuk Bojana, tip=P, grupa=104, 112, predmet=Engleski 1}"
11:15,13:00,ČET,,Ucionica:Raf04 (u),"{nastavnik=Mijatovic Igor, tip=V, grupa=105, predmet=Poslovne aplikacije}"
18:15,20:00,UTO,,Ucionica:Raf02 (u),"{nastavnik=Stojanovic Mihajlo, tip=D, grupa=105, predmet=Uvod u programiranje}"
13:15,15:00,UTO,,Ucionica:Rg07 (u),"{nastavnik=Jovanovic Mladen, tip=V, grupa=105, predmet=Uvod u programiranje}"
15:15,18:00,PET,,Ucionica:Raf20 (a),"{nastavnik=Jerotijevic Marija, tip=V, grupa=105, 106, predmet=Linearna algebra i analiticka geometrija}"
13:15,15:00,SRE,,Ucionica:Raf04 (u),"{nastavnik=Mijatovic Igor, tip=V, grupa=106, predmet=Poslovne aplikacije}"
15:15,17:00,ČET,,Ucionica:Rg02 (u),"{nastavnik=Stojanovic Mihajlo, tip=D, grupa=106, predmet=Uvod u programiranje}"
10:15,12:00,SRE,,Ucionica:Raf07 (u),"{nastavnik=Jovanovic Mladen, tip=V, grupa=106, predmet=Uvod u programiranje}"
13:15,15:00,UTO,,Ucionica:Kolarac3,"{nastavnik=Cuk Bojana, tip=P, grupa=106, 107, predmet=Engleski 1}"
17:15,20:00,PON,,Ucionica:Raf20 (a),"{nastavnik=Gardasevic Filipovic Milanka, tip=P, grupa=106, 108, predmet=Linearna algebra i analiticka geometrija}"
11:15,13:00,PON,,Ucionica:Raf04 (u),"{nastavnik=Mijatovic Igor, tip=V, grupa=107, predmet=Poslovne aplikacije}"
18:15,20:00,PET,,Ucionica:Raf04 (u),"{nastavnik=Dejanovic Lazar, tip=D, grupa=107, predmet=Uvod u programiranje}"
09:15,11:00,PON,,Ucionica:Raf05 (u),"{nastavnik=Najdic Jefimija, tip=V, grupa=107, predmet=Uvod u programiranje}"
13:15,15:00,SRE,,Ucionica:Raf21 (a),"{nastavnik=Jovanovic Irena, tip=P, grupa=107, 108, 109, predmet=Diskretne strukture}"
15:15,18:00,PET,,Ucionica:Raf21 (a),"{nastavnik=Jeremic Adrijana, tip=V, grupa=107, 108, 109, predmet=Diskretne strukture}"
16:15,18:00,ČET,,Ucionica:Raf20 (a),"{nastavnik=Mladenovic Marko, tip=P, grupa=107, 108, 109, predmet=Uvod u programiranje}"
13:15,16:00,ČET,,Ucionica:Raf20 (a),"{nastavnik=Gardasevic Filipovic Milanka, tip=P, grupa=107, 109, 110, predmet=Linearna algebra i analiticka geometrija}"
13:15,15:00,UTO,,Ucionica:Raf04 (u),"{nastavnik=Mijatovic Igor, tip=V, grupa=108, predmet=Poslovne aplikacije}"
18:15,20:00,ČET,,Ucionica:Raf07 (u),"{nastavnik=Dejanovic Lazar, tip=D, grupa=108, predmet=Uvod u programiranje}"
11:15,13:00,UTO,,Ucionica:Rg07 (u),"{nastavnik=Najdic Jefimija, tip=V, grupa=108, predmet=Uvod u programiranje}"
10:15,12:00,PET,,Ucionica:Raf21 (a),"{nastavnik=Cuk Bojana, tip=P, grupa=108, 109, predmet=Engleski 1}"
12:15,15:00,PET,,Ucionica:Raf21 (a),"{nastavnik=Jerotijevic Marija, tip=V, grupa=108, 109, predmet=Linearna algebra i analiticka geometrija}"
11:15,13:00,SRE,,Ucionica:Raf04 (u),"{nastavnik=Mijatovic Igor, tip=V, grupa=109, predmet=Poslovne aplikacije}"
17:15,19:00,UTO,,Ucionica:Raf03 (u),"{nastavnik=Arsenovic Arsen, tip=D, grupa=109, predmet=Uvod u programiranje}"
19:15,21:00,UTO,,Ucionica:Raf03 (u),"{nastavnik=Redzic Nikola Jovan, tip=V, grupa=109, predmet=Uvod u programiranje}"
15:15,17:00,UTO,,Ucionica:Raf04 (u),"{nastavnik=Mijatovic Igor, tip=V, grupa=110, predmet=Poslovne aplikacije}"
19:15,21:00,PON,,Ucionica:Raf03 (u),"{nastavnik=Radenkovic Zarko, tip=D, grupa=110, predmet=Uvod u programiranje}"
13:15,15:00,SRE,,Ucionica:Rg07 (u),"{nastavnik=Redzic Nikola Jovan, tip=V, grupa=110, predmet=Uvod u programiranje}"
17:15,19:00,UTO,,Ucionica:Raf06 (a),"{nastavnik=Cuk Bojana, tip=P, grupa=110, 111, predmet=Engleski 1}"
13:15,15:00,UTO,,Ucionica:Raf21 (a),"{nastavnik=Jovanovic Irena, tip=P, grupa=110, 111, 112, 113, predmet=Diskretne strukture}"
12:15,15:00,PON,,Ucionica:Kolarac3,"{nastavnik=Jeremic Adrijana, tip=V, grupa=110, 111, 112, 113, predmet=Diskretne strukture}"
19:15,21:00,SRE,,Ucionica:Raf21 (a),"{nastavnik=Mladenovic Marko, tip=P, grupa=110, 111, 112, 113, predmet=Uvod u programiranje}"
15:15,18:00,PON,,Ucionica:Raf21 (a),"{nastavnik=Jerotijevic Marija, tip=V, grupa=110, 111, 113, predmet=Linearna algebra i analiticka geometrija}"
09:15,11:00,PON,,Ucionica:Raf04 (u),"{nastavnik=Mijatovic Igor, tip=V, grupa=111, predmet=Poslovne aplikacije}"
17:15,19:00,ČET,,Ucionica:Raf01 (u),"{nastavnik=Radenkovic Zarko, tip=D, grupa=111, predmet=Uvod u programiranje}"
13:15,15:00,ČET,,Ucionica:Rg07 (u),"{nastavnik=Najdic Jefimija, tip=V, grupa=111, predmet=Uvod u programiranje}"
14:15,17:00,PET,,Ucionica:Kolarac3,"{nastavnik=Gardasevic Filipovic Milanka, tip=P, grupa=111, 112, 113, predmet=Linearna algebra i analiticka geometrija}"
15:15,17:00,SRE,,Ucionica:Raf04 (u),"{nastavnik=Mijatovic Igor, tip=V, grupa=112, predmet=Poslovne aplikacije}"
15:15,17:00,UTO,,Ucionica:Raf03 (u),"{nastavnik=Arsenovic Arsen, tip=D, grupa=112, predmet=Uvod u programiranje}"
11:15,13:00,ČET,,Ucionica:Raf07 (u),"{nastavnik=Redzic Nikola Jovan, tip=V, grupa=112, predmet=Uvod u programiranje}"
09:15,11:00,UTO,,Ucionica:Raf04 (u),"{nastavnik=Mijatovic Igor, tip=V, grupa=113, predmet=Poslovne aplikacije}"
12:15,14:00,PET,,Ucionica:Rg07 (u),"{nastavnik=Radenkovic Zarko, tip=D, grupa=113, predmet=Uvod u programiranje}"
17:15,19:00,SRE,,Ucionica:Raf03 (u),"{nastavnik=Najdic Jefimija, tip=V, grupa=113, predmet=Uvod u programiranje}"
19:15,21:00,PON,,Ucionica:Raf21 (a),"{nastavnik=Cuk Bojana, tip=P, grupa=113, 105, predmet=Engleski 1}"
15:15,18:00,ČET,,Ucionica:Raf12 (MD),"{nastavnik=Malesevic Nenad, tip=P, grupa=1d1, predmet=Crtanje i slikanje}"
14:15,17:00,SRE,,Ucionica:Raf12 (MD),"{nastavnik=Stojanovic Visnja, tip=V, grupa=1d1, predmet=Crtanje i slikanje}"
14:15,17:00,PON,,Ucionica:Raf14 (MD),"{nastavnik=Jeremic Lana, tip=V, grupa=1d1, 1d2, predmet=Osnovi oblikovanja}"
09:15,12:00,PET,,Ucionica:Raf14 (MD),"{nastavnik=Stojanovic Visnja, tip=V, grupa=1d1, 1d2, predmet=Osnovi projektovanja}"
12:15,14:00,PET,,Ucionica:Kolarac3,"{nastavnik=Cuk Bojana, tip=P, grupa=1d1, 1d2, 1d3, 1d4, predmet=Engleski 1}"
09:15,11:00,SRE,,Ucionica:Raf20 (a),"{nastavnik=Medic Ivana, tip=PiV, grupa=1d1, 1d2, 1d3, 1d4, predmet=Uvod u muzicku produkciju}"
15:15,18:00,UTO,,Ucionica:Raf15 (MD),"{nastavnik=Malesevic Nenad, tip=P, grupa=1d1, 1d3, predmet=Osnovi oblikovanja}"
11:15,14:00,PON,,Ucionica:Raf15 (MD),"{nastavnik=Telarovic Rosana, tip=P, grupa=1d1, 1d3, predmet=Osnovi projektovanja}"
09:15,12:00,PON,,Ucionica:Raf12 (MD),"{nastavnik=Malesevic Nenad, tip=P, grupa=1d2, predmet=Crtanje i slikanje}"
11:15,14:00,SRE,,Ucionica:Raf12 (MD),"{nastavnik=Stojanovic Visnja, tip=V, grupa=1d2, predmet=Crtanje i slikanje}"
12:15,15:00,ČET,,Ucionica:Raf15 (MD),"{nastavnik=Malesevic Nenad, tip=P, grupa=1d2, 1d4, predmet=Osnovi oblikovanja}"
09:15,12:00,UTO,,Ucionica:Raf15 (MD),"{nastavnik=Telarovic Rosana, tip=P, grupa=1d2, 1d4, predmet=Osnovi projektovanja}"
09:15,12:00,ČET,,Ucionica:Raf12 (MD),"{nastavnik=Malesevic Nenad, tip=P, grupa=1d3, 1d4, predmet=Crtanje i slikanje}"
12:15,15:00,UTO,,Ucionica:Raf12 (MD),"{nastavnik=Stojanovic Visnja, tip=V, grupa=1d3, 1d4, predmet=Crtanje i slikanje}"
17:15,20:00,PON,,Ucionica:Raf16 (MD),"{nastavnik=Jeremic Lana, tip=V, grupa=1d3, 1d4, predmet=Osnovi oblikovanja}"
14:15,17:00,PON,,Ucionica:Raf16 (MD),"{nastavnik=Stojanovic Visnja, tip=V, grupa=1d4, 1d3, predmet=Osnovi projektovanja}"
09:15,12:00,PET,,Ucionica:Raf03 (u),"{nastavnik=Lale Sinisa, tip=PiV, grupa=1s1, predmet=Administracija i odrzavanje sistema 1}"
12:15,15:00,PET,,Ucionica:Raf03 (u),"{nastavnik=Lale Sinisa, tip=PiV, grupa=1s1, predmet=Administracija i odrzavanje sistema 1}"
19:15,21:00,SRE,,Ucionica:Raf01 (u),"{nastavnik=Vasiljkovic Sanja, tip=V, grupa=1s1, predmet=Organizacija racunara}"
09:15,12:00,PON,,Ucionica:Raf01 (u),"{nastavnik=Zgonjanin Nikola, tip=V, grupa=1s1, predmet=Osnovi programiranja}"
13:15,15:00,ČET,,Ucionica:Raf05 (u),"{nastavnik=Radulovic Natasa, tip=V, grupa=1s1, predmet=Praktikum iz arhitekture racunara i operativnih sistema}"
17:15,19:00,UTO,,Ucionica:Raf11 (a),"{nastavnik=Vrbica-Matejic Vera, tip=P, grupa=1s1, 1s2, predmet=Engleski 1}"
14:15,17:00,SRE,,Ucionica:Raf11 (a),"{nastavnik=Mirkovic Bogdan, tip=P, grupa=1s1, 1s2, predmet=Organizacija racunara}"
17:15,19:00,SRE,,Ucionica:Raf11 (a),"{nastavnik=Mirkovic Bogdan, tip=P, grupa=1s1, 1s2, predmet=Osnovi programiranja}"
09:15,12:00,ČET,,Ucionica:Raf03 (u),"{nastavnik=Lale Sinisa, tip=PiV, grupa=1s2, predmet=Administracija i odrzavanje sistema 1}"
12:15,15:00,ČET,,Ucionica:Raf03 (u),"{nastavnik=Lale Sinisa, tip=PiV, grupa=1s2, predmet=Administracija i odrzavanje sistema 1}"
19:15,21:00,UTO,,Ucionica:Raf04 (u),"{nastavnik=Vasiljkovic Sanja, tip=V, grupa=1s2, predmet=Organizacija racunara}"
11:15,14:00,PET,,Ucionica:Raf02 (u),"{nastavnik=Zgonjanin Nikola, tip=V, grupa=1s2, predmet=Osnovi programiranja}"
09:15,11:00,PET,,Ucionica:Raf01 (u),"{nastavnik=Radulovic Natasa, tip=V, grupa=1s2, predmet=Praktikum iz arhitekture racunara i operativnih sistema}"
12:15,15:00,PON,,Ucionica:Raf02 (u),"{nastavnik=Kostadinovic Miodrag, tip=PiV, grupa=1s3, predmet=Administracija i odrzavanje sistema 1}"
10:15,13:00,UTO,,Ucionica:Raf02 (u),"{nastavnik=Kostadinovic Miodrag, tip=PiV, grupa=1s3, predmet=Administracija i odrzavanje sistema 1}"
13:15,15:00,SRE,,Ucionica:Raf03 (u),"{nastavnik=Radulovic Natasa, tip=V, grupa=1s3, predmet=Organizacija racunara}"
16:15,19:00,ČET,,Ucionica:Rg06 (u),"{nastavnik=Sijacic Dusan, tip=V, grupa=1s3, predmet=Osnovi programiranja}"
16:15,18:00,SRE,,Ucionica:Raf02 (u),"{nastavnik=Radulovic Natasa, tip=V, grupa=1s3, predmet=Praktikum iz arhitekture racunara i operativnih sistema}"
09:15,11:00,PON,,Ucionica:Raf20 (a),"{nastavnik=Vrbica-Matejic Vera, tip=P, grupa=1s3, 1s4, predmet=Engleski 1}"
13:15,16:00,UTO,,Ucionica:Raf10 (a),"{nastavnik=Mirkovic Bogdan, tip=P, grupa=1s3, 1s4, predmet=Organizacija racunara}"
16:15,18:00,UTO,,Ucionica:Raf10 (a),"{nastavnik=Mirkovic Bogdan, tip=P, grupa=1s3, 1s4, predmet=Osnovi programiranja}"
13:15,16:00,ČET,,Ucionica:Raf02 (u),"{nastavnik=Kostadinovic Miodrag, tip=PiV, grupa=1s4, predmet=Administracija i odrzavanje sistema 1}"
11:15,14:00,SRE,,Ucionica:Raf02 (u),"{nastavnik=Kostadinovic Miodrag, tip=PiV, grupa=1s4, predmet=Administracija i odrzavanje sistema 1}"
16:15,18:00,ČET,,Ucionica:Rg01 (u),"{nastavnik=Radulovic Natasa, tip=V, grupa=1s4, predmet=Organizacija racunara}"
13:15,16:00,PON,,Ucionica:Rg06 (u),"{nastavnik=Sijacic Dusan, tip=V, grupa=1s4, predmet=Osnovi programiranja}"
18:15,20:00,ČET,,Ucionica:Rg01 (u),"{nastavnik=Radulovic Natasa, tip=V, grupa=1s4, predmet=Praktikum iz arhitekture racunara i operativnih sistema}"
17:15,19:00,UTO,,Ucionica:Raf04 (u),"{nastavnik=Jevtic Ivan, tip=V, grupa=201, predmet=Algoritmi i strukture podataka}"
14:15,17:00,UTO,,Ucionica:Raf01 (u),"{nastavnik=Andzic Dimitrije, tip=V, grupa=201, predmet=Dizajn softvera}"
11:15,14:00,UTO,,Ucionica:Raf07 (u),"{nastavnik=Ciganovic Igor, tip=V, grupa=201, predmet=Inteligentni sistemi}"
11:15,14:00,ČET,,Ucionica:Kolarac3,"{nastavnik=Urosevic Dragan, tip=P, grupa=201, 202, 203, predmet=Algoritmi i strukture podataka}"
09:15,11:00,ČET,,Ucionica:Kolarac3,"{nastavnik=Rakocevic Goran, tip=P, grupa=201, 202, 203, predmet=Dizajn softvera}"
15:15,18:00,PON,,Ucionica:Kolarac3,"{nastavnik=Vasiljevic Jelena, tip=P, grupa=201, 202, 203, predmet=Inteligentni sistemi}"
11:15,13:00,SRE,,Ucionica:Raf21 (a),"{nastavnik=Gardasevic Filipovic Milanka, tip=P, grupa=201, 202, 203, 204, 205, predmet=Napredna matematicka analiza}"
13:15,15:00,SRE,,Ucionica:Kolarac2,"{nastavnik=Gardasevic Filipovic Milanka, tip=V, grupa=201, 202, 203, 204, 205, predmet=Napredna matematicka analiza}"
17:15,19:00,SRE,,Ucionica:Raf04 (u),"{nastavnik=Trajkovic Mihailo, tip=V, grupa=202, predmet=Algoritmi i strukture podataka}"
18:15,21:00,PET,,Ucionica:Raf02 (u),"{nastavnik=Andzic Dimitrije, tip=V, grupa=202, predmet=Dizajn softvera}"
14:15,17:00,PET,,Ucionica:Raf07 (u),"{nastavnik=Ciganovic Igor, tip=V, grupa=202, predmet=Inteligentni sistemi}"
17:15,19:00,UTO,,Ucionica:Rg04 (u),"{nastavnik=Trajkovic Mihailo, tip=V, grupa=203, predmet=Algoritmi i strukture podataka}"
15:15,18:00,PET,,Ucionica:Raf04 (u),"{nastavnik=Andzic Dimitrije, tip=V, grupa=203, predmet=Dizajn softvera}"
11:15,14:00,PET,,Ucionica:Raf01 (u),"{nastavnik=Ciganovic Igor, tip=V, grupa=203, predmet=Inteligentni sistemi}"
18:15,20:00,SRE,,Ucionica:Raf02 (u),"{nastavnik=Jevtic Ivan, tip=V, grupa=204, predmet=Algoritmi i strukture podataka}"
09:15,12:00,UTO,,Ucionica:Raf03 (u),"{nastavnik=Jovanoski Mihail, tip=V, grupa=204, predmet=Dizajn softvera}"
17:15,20:00,ČET,,Ucionica:Raf04 (u),"{nastavnik=Tomic Milan, tip=V, grupa=204, predmet=Inteligentni sistemi}"
15:15,18:00,SRE,,Ucionica:Raf20 (a),"{nastavnik=Urosevic Dragan, tip=P, grupa=204, 205, 206, predmet=Algoritmi i strukture podataka}"
14:15,16:00,ČET,,Ucionica:Kolarac1,"{nastavnik=Rakocevic Goran, tip=P, grupa=204, 205, 206, predmet=Dizajn softvera}"
11:15,14:00,ČET,,Ucionica:Kolarac1,"{nastavnik=Vasiljevic Jelena, tip=P, grupa=204, 205, 206, predmet=Inteligentni sistemi}"
10:15,12:00,PET,,Ucionica:Rg07 (u),"{nastavnik=Prokic Aleksa, tip=V, grupa=205, predmet=Algoritmi i strukture podataka}"
18:15,21:00,SRE,,Ucionica:Rg02 (u),"{nastavnik=Jovanoski Mihail, tip=V, grupa=205, predmet=Dizajn softvera}"
14:15,17:00,PET,,Ucionica:Rg07 (u),"{nastavnik=Tomic Milan, tip=V, grupa=205, predmet=Inteligentni sistemi}"
13:15,15:00,SRE,,Ucionica:Raf01 (u),"{nastavnik=Prokic Aleksa, tip=V, grupa=206, predmet=Algoritmi i strukture podataka}"
09:15,12:00,PET,,Ucionica:Raf04 (u),"{nastavnik=Jovanoski Mihail, tip=V, grupa=206, predmet=Dizajn softvera}"
11:15,14:00,PON,,Ucionica:Raf07 (u),"{nastavnik=Tomic Milan, tip=V, grupa=206, predmet=Inteligentni sistemi}"
09:15,11:00,UTO,,Ucionica:Kolarac3,"{nastavnik=Gardasevic Filipovic Milanka, tip=P, grupa=206, 223, predmet=Napredna matematicka analiza}"
11:15,13:00,UTO,,Ucionica:Kolarac3,"{nastavnik=Gardasevic Filipovic Milanka, tip=V, grupa=206, 223, predmet=Napredna matematicka analiza}"
19:15,21:00,UTO,,Ucionica:Rg02 (u),"{nastavnik=Jevtic Ivan, tip=V, grupa=221, predmet=Algoritmi i strukture podataka}"
17:15,20:00,PON,,Ucionica:Rg01 (u),"{nastavnik=Sandic-Stankovic Dragana, tip=V, grupa=221, predmet=Signali i sistemi}"
15:15,17:00,PON,,Ucionica:Kolarac2,"{nastavnik=Gardasevic Filipovic Milanka, tip=P, grupa=221, 222, predmet=Napredna matematicka analiza}"
09:15,11:00,ČET,,Ucionica:Kolarac1,"{nastavnik=Gardasevic Filipovic Milanka, tip=V, grupa=221, 222, predmet=Napredna matematicka analiza}"
14:15,17:00,ČET,,Ucionica:Raf11 (a),"{nastavnik=Markovic Petar, tip=V, grupa=221, 222, predmet=Osnovi elektronike}"
16:15,19:00,SRE,,Ucionica:Raf21 (a),"{nastavnik=Mladenovic Marko, tip=P, grupa=221, 222, 223, predmet=Algoritmi i strukture podataka}"
13:15,15:00,PON,,Ucionica:Raf21 (a),"{nastavnik=Karbunar Lazar, tip=P, grupa=221, 222, 223, predmet=Osnovi elektronike}"
13:15,16:00,SRE,,Ucionica:Kolarac3,"{nastavnik=Babic Djorde, tip=P, grupa=221, 222, 223, predmet=Signali i sistemi}"
19:15,21:00,PON,,Ucionica:Raf05 (u),"{nastavnik=Trajkovic Mihailo, tip=V, grupa=222, predmet=Algoritmi i strukture podataka}"
17:15,20:00,ČET,,Ucionica:Raf02 (u),"{nastavnik=Sandic-Stankovic Dragana, tip=V, grupa=222, predmet=Signali i sistemi}"
17:15,19:00,UTO,,Ucionica:Rg02 (u),"{nastavnik=Prokic Aleksa, tip=V, grupa=223, predmet=Algoritmi i strukture podataka}"
14:15,17:00,UTO,,Ucionica:Raf06 (a),"{nastavnik=Markovic Petar, tip=V, grupa=223, predmet=Osnovi elektronike}"
17:15,20:00,PON,,Ucionica:Raf04 (u),"{nastavnik=Radulovic Natasa, tip=V, grupa=223, predmet=Signali i sistemi}"
11:15,13:00,PET,,Ucionica:Raf13 (MD),"{nastavnik=Topuzovic Filip, tip=V, grupa=2d1, predmet=Fotografija}"
09:15,12:00,UTO,,Ucionica:Raf13 (MD),"{nastavnik=Malesevic Nenad, tip=P, grupa=2d1, 2d2, 2d3, predmet=Fotografija}"
12:15,14:00,UTO,,Ucionica:Raf14 (MD),"{nastavnik=Stojanovic Danica, tip=P, grupa=2d1, 2d2, 2d3, 2d4, predmet=Pismo i tipografija}"
12:15,15:00,SRE,,Ucionica:Raf14 (MD),"{nastavnik=Stojanovic Danica, tip=V, grupa=2d1, 2d2, 2d3, 2d4, predmet=Pismo i tipografija}"
09:15,12:00,PON,,Ucionica:Raf14 (MD),"{nastavnik=Kukic  Rastko, tip=P, grupa=2d1, 2d2, 2d3, 2d4, predmet=Modelovanje}"
09:15,11:00,SRE,,Ucionica:Raf14 (MD),"{nastavnik=Jonic Teodora, tip=V, grupa=2d1, 2d2, 2d3, 2d4, predmet=Modelovanje}"
14:15,16:00,ČET,,Ucionica:Raf10 (a),"{nastavnik=Stankovic Maja, tip=PiV, grupa=2d1, 2d2, 2d3, 2d4, 2d5, 2d6, predmet=Istorija umetnosti}"
16:15,18:00,ČET,,Ucionica:Raf10 (a),"{nastavnik=Stankovic Maja, tip=PiV, grupa=2d1, 2d2, 2d3, 2d4, 2d5, 2d6, predmet=Istorija umetnosti}"
15:15,17:00,PET,,Ucionica:Raf13 (MD),"{nastavnik=Jeremic Lana, tip=V, grupa=2d2, predmet=Fotografija}"
15:15,17:00,SRE,,Ucionica:Raf13 (MD),"{nastavnik=Jeremic Lana, tip=V, grupa=2d3, predmet=Fotografija}"
09:15,11:00,PET,,Ucionica:Raf13 (MD),"{nastavnik=Topuzovic Filip, tip=V, grupa=2d4, predmet=Fotografija}"
12:15,15:00,PON,,Ucionica:Raf13 (MD),"{nastavnik=Malesevic Nenad, tip=P, grupa=2d4, 2d5, 2d6, predmet=Fotografija}"
09:15,11:00,SRE,,Ucionica:Raf13 (MD),"{nastavnik=Topuzovic Filip, tip=V, grupa=2d5, predmet=Fotografija}"
16:15,18:00,PET,,Ucionica:Raf16 (MD),"{nastavnik=Stojanovic Danica, tip=P, grupa=2d5, 2d6, predmet=Pismo i tipografija}"
15:15,18:00,SRE,,Ucionica:Raf16 (MD),"{nastavnik=Stojanovic Danica, tip=V, grupa=2d5, 2d6, predmet=Pismo i tipografija}"
11:15,14:00,SRE,,Ucionica:Raf16 (MD),"{nastavnik=Kukic  Rastko, tip=P, grupa=2d5, 2d6, predmet=Modelovanje}"
19:15,21:00,ČET,,Ucionica:Raf16 (MD),"{nastavnik=Jonic Teodora, tip=V, grupa=2d5, 2d6, predmet=Modelovanje}"
13:15,15:00,PET,,Ucionica:Raf13 (MD),"{nastavnik=Jeremic Lana, tip=V, grupa=2d6, predmet=Fotografija}"
11:15,14:00,PET,,Ucionica:Raf07 (u),"{nastavnik=Sijacic Dusan, tip=V, grupa=2s1, predmet=Dizajn i razvoj veb strana}"
15:15,18:00,PON,,Ucionica:Raf01 (u),"{nastavnik=Prvulovic Petar, tip=V, grupa=2s1, predmet=Informacioni sistemi}"
10:15,13:00,SRE,,Ucionica:Raf03 (u),"{nastavnik=Radosavljevic Nemanja, tip=P, grupa=2s1, predmet=Veb sistemi i tehnologije}"
09:15,11:00,PET,,Ucionica:Raf07 (u),"{nastavnik=Sijacic Dusan, tip=V, grupa=2s1, predmet=Veb sistemi i tehnologije}"
13:15,15:00,SRE,,Ucionica:Raf20 (a),"{nastavnik=Popovic Snezana, tip=P, grupa=2s1, 2s2, 2s3a, 2s3b, predmet=Dizajn i razvoj veb strana}"
18:15,21:00,UTO,,Ucionica:Raf20 (a),"{nastavnik=Mirkovic Bogdan, tip=P, grupa=2s1, 2s2, 2s3a, 2s3b, predmet=Informacioni sistemi}"
14:15,16:00,PET,,Ucionica:Raf10 (a),"{nastavnik=Vrbica-Matejic Vera, tip=PiV, grupa=2s1, 2s3a, predmet=Engleski 3}"
11:15,13:00,PON,,Ucionica:Raf20 (a),"{nastavnik=Vrbica-Matejic Vera, tip=PiV, grupa=2s1, 2s3a, predmet=Engleski 3}"
15:15,18:00,UTO,,Ucionica:Raf02 (u),"{nastavnik=Sijacic Dusan, tip=V, grupa=2s2, predmet=Dizajn i razvoj veb strana}"
09:15,12:00,PON,,Ucionica:Raf02 (u),"{nastavnik=Prvulovic Petar, tip=V, grupa=2s2, predmet=Informacioni sistemi}"
10:15,13:00,ČET,,Ucionica:Raf05 (u),"{nastavnik=Radosavljevic Nemanja, tip=P, grupa=2s2, predmet=Veb sistemi i tehnologije}"
15:15,17:00,SRE,,Ucionica:Raf03 (u),"{nastavnik=Sijacic Dusan, tip=V, grupa=2s2, predmet=Veb sistemi i tehnologije}"
13:15,15:00,UTO,,Ucionica:Raf20 (a),"{nastavnik=Vrbica-Matejic Vera, tip=PiV, grupa=2s2, 2s3b, predmet=Engleski 3}"
13:15,15:00,PON,,Ucionica:Raf20 (a),"{nastavnik=Vrbica-Matejic Vera, tip=PiV, grupa=2s2, 2s3b, predmet=Engleski 3}"
18:15,21:00,PON,,Ucionica:Raf02 (u),"{nastavnik=Lazarevic Vukadin, tip=V, grupa=2s3a, 2s3b, predmet=Dizajn i razvoj veb strana}"
15:15,18:00,PON,,Ucionica:Raf02 (u),"{nastavnik=Lazarevic Vukadin, tip=V, grupa=2s3a, 2s3b, predmet=Informacioni sistemi}"
15:15,18:00,SRE,,Ucionica:Rg07 (u),"{nastavnik=Radosavljevic Nemanja, tip=P, grupa=2s3a, 2s3b, predmet=Veb sistemi i tehnologije}"
18:15,20:00,SRE,,Ucionica:Rg01 (u),"{nastavnik=Lazarevic Vukadin, tip=V, grupa=2s3a, 2s3b, predmet=Veb sistemi i tehnologije}"
14:15,16:00,UTO,,Ucionica:Raf07 (u),"{nastavnik=Ciganovic Igor, tip=V, grupa=301a, predmet=Skript jezici}"
11:15,13:00,ČET,,Ucionica:Raf20 (a),"{nastavnik=Dimic Surla Bojana, tip=P, grupa=301a, 301b, 302a, 302b, predmet=Testiranje softvera}"
09:15,11:00,PET,,Ucionica:Raf20 (a),"{nastavnik=Maric Nevena, tip=P, grupa=301a, 301b, 302a, 302b, 303, 304, 305, predmet=Verovatnoca i statistika}"
16:15,18:00,SRE,,Ucionica:Kolarac2,"{nastavnik=Dimic Surla Bojana, tip=P, grupa=301a, 301b, 302a, 302b, 305, 306, 307a, 307b, predmet=Softverske komponente}"
11:15,13:00,UTO,,Ucionica:Raf20 (a),"{nastavnik=Vujosevic Dusan, tip=P, grupa=301a, 301b, 302a, 303, 302b, predmet=Programski prevodioci}"
11:15,13:00,PET,,Ucionica:Raf20 (a),"{nastavnik=Radenkovic Milos, tip=P, grupa=301a, 301b, 304, 305, 306, 307a, 307b, 322, 323, predmet=Skript jezici}"
09:15,11:00,ČET,,Ucionica:Raf07 (u),"{nastavnik=Stojanovic Mihajlo, tip=V, grupa=301a, 302a, predmet=Programski prevodioci}"
09:15,11:00,UTO,,Ucionica:Raf07 (u),"{nastavnik=Najdic Jefimija, tip=V, grupa=301a, 302a, predmet=Softverske komponente}"
09:15,11:00,SRE,,Ucionica:Raf04 (u),"{nastavnik=Ivkovic Sava, tip=V, grupa=301a, 302a, predmet=Testiranje softvera}"
14:15,16:00,SRE,,Ucionica:Raf05 (u),"{nastavnik=Maric Nevena, tip=V, grupa=301a, 302a, predmet=Verovatnoca i statistika}"
14:15,16:00,SRE,,Ucionica:Raf02 (u),"{nastavnik=Ciganovic Igor, tip=V, grupa=301b, predmet=Skript jezici}"
13:15,15:00,ČET,,Ucionica:Raf01 (u),"{nastavnik=Stojanovic Mihajlo, tip=V, grupa=301b, 302b, predmet=Programski prevodioci}"
11:15,13:00,PON,,Ucionica:Raf05 (u),"{nastavnik=Najdic Jefimija, tip=V, grupa=301b, 302b, predmet=Softverske komponente}"
09:15,11:00,UTO,,Ucionica:Rg07 (u),"{nastavnik=Ivkovic Sava, tip=V, grupa=301b, 302b, predmet=Testiranje softvera}"
18:15,20:00,SRE,,Ucionica:Raf05 (u),"{nastavnik=Maric Nevena, tip=V, grupa=301b, 302b, predmet=Verovatnoca i statistika}"
14:15,16:00,UTO,,Ucionica:Raf09 (a),"{nastavnik=Radenkovic Milos, tip=P, grupa=302a, 302b, 307a, 307b, predmet=Upravljanje informacijama}"
11:15,13:00,SRE,,Ucionica:Raf01 (u),"{nastavnik=Stojanovic Mihajlo, tip=V, grupa=302a, 302b, 307a, 307b, predmet=Upravljanje informacijama}"
14:15,16:00,ČET,,Ucionica:Raf09 (a),"{nastavnik=Urosevic Dragan, tip=P, grupa=303, predmet=Geometrijski algoritmi}"
16:15,18:00,ČET,,Ucionica:Raf09 (a),"{nastavnik=Urosevic Dragan, tip=V, grupa=303, predmet=Geometrijski algoritmi}"
13:15,15:00,PET,,Ucionica:Raf20 (a),"{nastavnik=Rakocevic Goran, tip=P, grupa=303, 304, 305, predmet=Paralelni algoritmi}"
19:15,21:00,ČET,,Ucionica:Raf03 (u),"{nastavnik=Jeremic Adrijana, tip=V, grupa=303, 304, 305, predmet=Paralelni algoritmi}"
11:15,13:00,SRE,,Ucionica:Rg07 (u),"{nastavnik=Masulovic Dragan, tip=P, grupa=303, 306, predmet=Racunarska grafika}"
09:15,11:00,SRE,,Ucionica:Raf01 (u),"{nastavnik=Dotlic Emilija, tip=V, grupa=303, 306, predmet=Racunarska grafika}"
13:15,15:00,PON,,Ucionica:Raf05 (u),"{nastavnik=Ciganovic Igor, tip=V, grupa=304, 305, predmet=Skript jezici}"
17:15,19:00,ČET,,Ucionica:Raf21 (a),"{nastavnik=Vujosevic Dusan, tip=P, grupa=304, 305, 306, 307a, 307b, predmet=Programski prevodioci}"
17:15,19:00,UTO,,Ucionica:Raf09 (a),"{nastavnik=Jovanovic Milos, tip=P, grupa=304, 323, predmet=Sistemi u realnom vremenu}"
16:15,18:00,PON,,Ucionica:Raf07 (u),"{nastavnik=Jovanovic Milos, tip=V, grupa=304, 323, predmet=Sistemi u realnom vremenu}"
12:15,14:00,UTO,,Ucionica:Raf03 (u),"{nastavnik=Stojanovic Mihajlo, tip=V, grupa=305, predmet=Programski prevodioci}"
17:15,19:00,UTO,,Ucionica:Rg01 (u),"{nastavnik=Maric Nevena, tip=V, grupa=305, 303, 307a, predmet=Verovatnoca i statistika}"
15:15,17:00,ČET,,Ucionica:Raf01 (u),"{nastavnik=Redzic Nikola Jovan, tip=V, grupa=305, 307a, predmet=Softverske komponente}"
15:15,17:00,UTO,,Ucionica:Rg07 (u),"{nastavnik=Stojanovic Mihajlo, tip=V, grupa=306, 303, predmet=Programski prevodioci}"
15:15,17:00,ČET,,Ucionica:Rg07 (u),"{nastavnik=Maric Nevena, tip=V, grupa=306, 304, 307b, predmet=Verovatnoca i statistika}"
09:15,11:00,ČET,,Ucionica:Raf02 (u),"{nastavnik=Prvulovic Petar, tip=V, grupa=306, 307a, predmet=Skript jezici}"
11:15,13:00,ČET,,Ucionica:Raf21 (a),"{nastavnik=Maric Nevena, tip=P, grupa=306, 307a, 307b, 321, 322, 323, predmet=Verovatnoca i statistika}"
17:15,19:00,UTO,,Ucionica:Raf05 (u),"{nastavnik=Redzic Nikola Jovan, tip=V, grupa=306, 307b, predmet=Softverske komponente}"
09:15,11:00,SRE,,Ucionica:Raf02 (u),"{nastavnik=Stojanovic Mihajlo, tip=V, grupa=307a, 304, 307b, predmet=Programski prevodioci}"
13:15,15:00,SRE,,Ucionica:Raf07 (u),"{nastavnik=Prvulovic Petar, tip=V, grupa=307b, 323, predmet=Skript jezici}"
17:15,19:00,PON,,Ucionica:Raf05 (u),"{nastavnik=Milovic Njegovan, tip=V, grupa=321, predmet=Povezivanje mreza}"
14:15,16:00,SRE,,Ucionica:Raf09 (a),"{nastavnik=Bojovic Petar, tip=P, grupa=321, predmet=Virtuelizovani mrezni sistemi}"
09:15,11:00,ČET,,Ucionica:Rg07 (u),"{nastavnik=Zivanovic Marko, tip=V, grupa=321, predmet=Virtuelizovani mrezni sistemi}"
15:15,17:00,PON,,Ucionica:Raf11 (a),"{nastavnik=Bojovic Petar, tip=P, grupa=321, 322, predmet=Povezivanje mreza}"
11:15,13:00,SRE,,Ucionica:CET,"{nastavnik=Radivojevic Mirjana, tip=P, grupa=321, 322, predmet=Projektovanje racunarskih sistema}"
14:15,16:00,ČET,,Ucionica:Kolarac3,"{nastavnik=Vasiljevic Jelena, tip=P, grupa=321, 322, 323, predmet=Primenjena vestacka inteligencija}"
16:15,18:00,SRE,,Ucionica:Raf05 (u),"{nastavnik=Maric Nevena, tip=V, grupa=321, 323, predmet=Verovatnoca i statistika}"
15:15,17:00,UTO,,Ucionica:Raf05 (u),"{nastavnik=Tomic Milan, tip=V, grupa=321, 323, predmet=Primenjena vestacka inteligencija}"
16:15,18:00,SRE,,Ucionica:Rg01 (u),"{nastavnik=Ciganovic Igor, tip=V, grupa=322, predmet=Skript jezici}"
09:15,11:00,ČET,,Ucionica:Raf04 (u),"{nastavnik=Maric Nevena, tip=V, grupa=322, predmet=Verovatnoca i statistika}"
19:15,21:00,PON,,Ucionica:Raf01 (u),"{nastavnik=Milovic Njegovan, tip=V, grupa=322, predmet=Povezivanje mreza}"
17:15,19:00,UTO,,Ucionica:Rg07 (u),"{nastavnik=Tomic Milan, tip=V, grupa=322, predmet=Primenjena vestacka inteligencija}"
09:15,11:00,SRE,,Ucionica:CET,"{nastavnik=Radivojevic Mirjana, tip=V, grupa=322, 321, predmet=Projektovanje racunarskih sistema}"
18:15,20:00,PON,,Ucionica:Raf10 (a),"{nastavnik=Jovanovic Milos, tip=P, grupa=323, predmet=Sistemsko programiranje}"
18:15,20:00,SRE,,Ucionica:Rg07 (u),"{nastavnik=Jovanovic Milos, tip=V, grupa=323, predmet=Sistemsko programiranje}"
09:15,12:00,UTO,,Ucionica:Raf16 (MD),"{nastavnik=Kukic  Rastko, tip=P, grupa=3d1a, predmet=Multimedijalni projekti 1}"
16:15,19:00,ČET,,Ucionica:Raf14 (MD),"{nastavnik=Jonic Teodora, tip=V, grupa=3d1a, predmet=Multimedijalni projekti 1}"
11:15,13:00,ČET,,Ucionica:Raf13 (MD),"{nastavnik=Djuric Milan, tip=P, grupa=3d1a, predmet=Osnovi animacije}"
11:15,13:00,SRE,,Ucionica:Raf15 (MD),"{nastavnik=Topuzovic Filip, tip=P, grupa=3d1a, 3d1b, predmet=Dizajn i informacione tehnologije 1}"
13:15,14:00,ČET,,Ucionica:Raf14 (MD),"{nastavnik=Topuzovic Filip, tip=V, grupa=3d1a, 3d1b, predmet=Dizajn i informacione tehnologije 1}"
12:15,15:00,PET,,Ucionica:Raf14 (MD),"{nastavnik=Stojanovic Danica, tip=P, grupa=3d1a, 3d1b, predmet=Graficki projekti}"
15:15,18:00,UTO,,Ucionica:Raf14 (MD),"{nastavnik=Stojanovic Danica, tip=V, grupa=3d1a, 3d1b, predmet=Graficki projekti}"
14:15,16:00,ČET,,Ucionica:Raf14 (MD),"{nastavnik=Koturanovic Aleksandar, tip=V, grupa=3d1a, 3d1b, predmet=Osnovi animacije}"
12:15,15:00,UTO,,Ucionica:Raf16 (MD),"{nastavnik=Kukic  Rastko, tip=P, grupa=3d1b, predmet=Multimedijalni projekti 1}"
18:15,21:00,UTO,,Ucionica:Raf16 (MD),"{nastavnik=Jonic Teodora, tip=V, grupa=3d1b, predmet=Multimedijalni projekti 1}"
18:15,20:00,PET,,Ucionica:Raf13 (MD),"{nastavnik=Djuric Milan, tip=P, grupa=3d1b, predmet=Osnovi animacije}"
15:15,16:00,PON,,Ucionica:Raf03 (u),"{nastavnik=Pilipovic Dragoljub, tip=V, grupa=3s1, predmet=IT servis menadzment}"
14:15,16:00,ČET,,Ucionica:Raf06 (a),"{nastavnik=Bojovic Petar, tip=P, grupa=3s1, predmet=Konfiguracija i odrzavanje IP mreza}"
09:15,11:00,PON,,Ucionica:Raf07 (u),"{nastavnik=Pernar Veljko, tip=V, grupa=3s1, predmet=Konfiguracija i odrzavanje IP mreza}"
16:15,18:00,ČET,,Ucionica:Raf06 (a),"{nastavnik=Bojovic Petar, tip=P, grupa=3s1, predmet=Uvod u administraciju IP mreza}"
12:15,14:00,UTO,,Ucionica:Raf01 (u),"{nastavnik=Zivanovic Marko, tip=V, grupa=3s1, predmet=Uvod u administraciju IP mreza}"
12:15,15:00,PON,,Ucionica:Raf01 (u),"{nastavnik=Prvulovic Petar, tip=V, grupa=3s1, predmet=Uvod u softversko inzenjerstvo}"
16:15,18:00,PON,,Ucionica:Raf09 (a),"{nastavnik=Pilipovic Dragoljub, tip=P, grupa=3s1, 3s2, predmet=IT servis menadzment}"
15:15,17:00,UTO,,Ucionica:Raf11 (a),"{nastavnik=Mladenovic Marko, tip=P, grupa=3s1, 3s2, predmet=Uvod u softversko inzenjerstvo}"
14:15,15:00,PON,,Ucionica:Raf03 (u),"{nastavnik=Pilipovic Dragoljub, tip=V, grupa=3s2, predmet=IT servis menadzment}"
15:15,18:00,SRE,,Ucionica:Raf07 (u),"{nastavnik=Prvulovic Petar, tip=V, grupa=3s2, predmet=Uvod u softversko inzenjerstvo}"
09:15,12:00,UTO,,Ucionica:Raf05 (u),"{nastavnik=Milosavljevic Milos, tip=PiV, grupa=3s2, predmet=C# programiranje}"
12:15,15:00,UTO,,Ucionica:Raf05 (u),"{nastavnik=Milosavljevic Milos, tip=PiV, grupa=3s2, predmet=C# programiranje}"
18:15,21:00,ČET,,Ucionica:Raf05 (u),"{nastavnik=Popovic Snezana, tip=PiV, grupa=3s2, predmet=SQL programiranje}"
15:15,18:00,ČET,,Ucionica:Raf05 (u),"{nastavnik=Popovic Snezana, tip=PiV, grupa=3s2, predmet=SQL programiranje}"
15:15,17:00,SRE,,Ucionica:Raf08 (a),"{nastavnik=Popovic Snezana, tip=P, grupa=401, predmet=Skladista podataka}"
09:15,11:00,PON,,Ucionica:Raf03 (u),"{nastavnik=Radenkovic Milos, tip=V, grupa=401, predmet=Skladista podataka}"
15:15,17:00,ČET,,Ucionica:Rg04 (u),"{nastavnik=Najdic Jefimija, tip=V, grupa=401, predmet=Veliki podaci}"
11:15,13:00,SRE,,Ucionica:Kolarac3,"{nastavnik=Jovanovic Irena, tip=P, grupa=401, 402a, 402b, 403, 404, 405, 406, predmet=Kombinatorika i teorija grafova}"
15:15,17:00,UTO,,Ucionica:Kolarac3,"{nastavnik=Jeremic Adrijana, tip=V, grupa=401, 402a, 402b, 403, 404, 405, 406, predmet=Kombinatorika i teorija grafova}"
13:15,15:00,PON,,Ucionica:Kolarac2,"{nastavnik=Vidakovic Milan, tip=P, grupa=401, 402a, 402b, 404, 405, 406, 422, 423, predmet=Napredno veb programiranje}"
13:15,15:00,UTO,,Ucionica:Raf08 (a),"{nastavnik=Vujosevic Dusan, tip=P, grupa=401, 402a, 402b, 405, predmet=Upravljanje projektima}"
11:15,13:00,PON,,Ucionica:Raf21 (a),"{nastavnik=Radenkovic Milos, tip=P, grupa=401, 402a, 402b, 406, 423, predmet=Veliki podaci}"
17:15,19:00,ČET,,Ucionica:Raf03 (u),"{nastavnik=Jeremic Adrijana, tip=V, grupa=401, 404, predmet=Upravljanje projektima}"
13:15,15:00,ČET,,Ucionica:Raf07 (u),"{nastavnik=Redzic Nikola Jovan, tip=V, grupa=401, 405, predmet=Napredno veb programiranje}"
09:15,11:00,SRE,,Ucionica:Kolarac2,"{nastavnik=Vujosevic Dusan, tip=P, grupa=402a, 402b, 404, 405, predmet=Multimedijalni informacioni sistemi}"
09:15,11:00,ČET,,Ucionica:Raf14 (MD),"{nastavnik=Topuzovic Filip, tip=V, grupa=402a, 404, predmet=Multimedijalni informacioni sistemi}"
15:15,17:00,ČET,,Ucionica:Raf03 (u),"{nastavnik=Jeremic Adrijana, tip=V, grupa=402a, 405, predmet=Upravljanje projektima}"
11:15,13:00,ČET,,Ucionica:Raf02 (u),"{nastavnik=Najdic Jefimija, tip=V, grupa=402a, 406, predmet=Veliki podaci}"
17:15,19:00,PET,,Ucionica:Raf05 (u),"{nastavnik=Antic Stefan, tip=V, grupa=402a, 406, 404, predmet=Napredno veb programiranje}"
11:15,13:00,ČET,,Ucionica:Raf14 (MD),"{nastavnik=Topuzovic Filip, tip=V, grupa=402b, 405, predmet=Multimedijalni informacioni sistemi}"
17:15,19:00,PON,,Ucionica:Raf03 (u),"{nastavnik=Jeremic Adrijana, tip=V, grupa=402b, 406, predmet=Upravljanje projektima}"
19:15,21:00,PET,,Ucionica:Rg07 (u),"{nastavnik=Antic Stefan, tip=V, grupa=402b, 422, 423, predmet=Napredno veb programiranje}"
16:15,18:00,PET,,Ucionica:Raf02 (u),"{nastavnik=Najdic Jefimija, tip=V, grupa=402b, 423, predmet=Veliki podaci}"
15:15,17:00,PET,,Ucionica:Raf08 (a),"{nastavnik=Radovanovic Aleksandar, tip=P, grupa=403, predmet=Kvantno racunarstvo}"
17:15,19:00,ČET,,Ucionica:Rg02 (u),"{nastavnik=Matovic Vanja, tip=V, grupa=403, predmet=Kvantno racunarstvo}"
17:15,19:00,PET,,Ucionica:Raf10 (a),"{nastavnik=Stanojevic Mladen, tip=P, grupa=403, predmet=Prepoznavanje govora}"
09:15,11:00,SRE,,Ucionica:Rg07 (u),"{nastavnik=Petrovic Relja, tip=V, grupa=403, predmet=Prepoznavanje govora}"
15:15,17:00,ČET,,Ucionica:Raf21 (a),"{nastavnik=Vujosevic Dusan, tip=P, grupa=403, 404, 421, 422, 423, 406, predmet=Upravljanje projektima}"
09:15,11:00,ČET,,Ucionica:Raf21 (a),"{nastavnik=Ilic Nemanja, tip=P, grupa=403, 405, predmet=Duboko ucenje}"
09:15,11:00,PON,,Ucionica:Rg07 (u),"{nastavnik=Bojic Milan, tip=V, grupa=403, 405, predmet=Duboko ucenje}"
13:15,15:00,PET,,Ucionica:Raf05 (u),"{nastavnik=Jeremic Adrijana, tip=V, grupa=403, 423, predmet=Upravljanje projektima}"
12:15,14:00,PET,,Ucionica:Raf04 (u),"{nastavnik=Maric Nevena, tip=P, grupa=404, 406, predmet=Modelovanje i simulacija}"
14:15,16:00,PET,,Ucionica:Raf01 (u),"{nastavnik=Maric Nevena, tip=V, grupa=404, 406, predmet=Modelovanje i simulacija}"
09:15,11:00,PET,,Ucionica:CET,"{nastavnik=Radivojevic Mirjana, tip=P, grupa=421, predmet=Racunarske mreze velikih sistema}"
11:15,13:00,PET,,Ucionica:CET,"{nastavnik=Radivojevic Mirjana, tip=V, grupa=421, predmet=Racunarske mreze velikih sistema}"
16:15,18:00,SRE,,Ucionica:Raf09 (a),"{nastavnik=Jovanovic Milos, tip=P, grupa=421, predmet=Uvod u robotiku}"
17:15,19:00,ČET,,Ucionica:Rg07 (u),"{nastavnik=Jovanovic Milos, tip=V, grupa=421, predmet=Uvod u robotiku}"
15:15,17:00,PON,,Ucionica:Raf05 (u),"{nastavnik=Jeremic Adrijana, tip=V, grupa=421, 422, predmet=Upravljanje projektima}"
18:15,20:00,UTO,,Ucionica:Raf10 (a),"{nastavnik=Martic Goran, tip=P, grupa=421, 422, predmet=Data centar infrastruktura}"
16:15,18:00,UTO,,Ucionica:Raf07 (u),"{nastavnik=Preocanin Andjela, tip=V, grupa=421, 422, predmet=Data centar infrastruktura}"
18:15,21:00,SRE,,Ucionica:Raf08 (a),"{nastavnik=Vukotic Selena, tip=P, grupa=421, 422, 423, predmet=Bezicne i mobilne komunikacije}"
14:15,16:00,SRE,,Ucionica:Raf10 (a),"{nastavnik=Dimic Surla Bojana, tip=P, grupa=422, 423, predmet=Mikroservisne aplikacije}"
16:15,18:00,SRE,,Ucionica:Raf01 (u),"{nastavnik=Redzic Nikola Jovan, tip=V, grupa=422, 423, predmet=Mikroservisne aplikacije}"
19:15,21:00,ČET,,Ucionica:Raf06 (a),"{nastavnik=Lukic Djordje, tip=V, grupa=422, 423, 421, predmet=Bezicne i mobilne komunikacije}"
14:15,17:00,ČET,,Ucionica:Raf16 (MD),"{nastavnik=Djuric Milan, tip=P, grupa=4d1, predmet=Animirana grafika}"
13:15,16:00,PET,,Ucionica:Raf16 (MD),"{nastavnik=Koturanovic Aleksandar, tip=V, grupa=4d1, predmet=Animirana grafika}"
11:15,14:00,PON,,Ucionica:Raf16 (MD),"{nastavnik=Spasic Nikola, tip=P, grupa=4d1, predmet=Digitalna slika}"
18:15,21:00,SRE,,Ucionica:Raf16 (MD),"{nastavnik=Stetin Darko, tip=V, grupa=4d1, predmet=Digitalna slika}"
10:15,12:00,PET,,Ucionica:Raf16 (MD),"{nastavnik=Rubil Goran, tip=P, grupa=4d1, predmet=Uvod u 3D animaciju}"
09:15,11:00,PON,,Ucionica:Raf16 (MD),"{nastavnik=Rubil Goran, tip=V, grupa=4d1, predmet=Uvod u 3D animaciju}"
18:15,21:00,ČET,,Ucionica:Raf15 (MD),"{nastavnik=Stankovic Maja, tip=P, grupa=4d1, 4d3, predmet=Poetika digitalne umetnosti}"
15:15,18:00,SRE,,Ucionica:Raf15 (MD),"{nastavnik=Malesevic Novak, tip=V, grupa=4d1, 4d3, predmet=Poetika digitalne umetnosti}"
14:15,17:00,ČET,,Ucionica:Raf13 (MD),"{nastavnik=Jeremic Lana, tip=V, grupa=4d2, predmet=Poetika fotografske umetnosti}"
17:15,20:00,PON,,Ucionica:Raf14 (MD),"{nastavnik=Spasic Nikola, tip=P, grupa=4d2, predmet=Postprodukcija}"
15:15,18:00,SRE,,Ucionica:Raf14 (MD),"{nastavnik=Stetin Darko, tip=V, grupa=4d2, predmet=Postprodukcija}"
15:15,18:00,PET,,Ucionica:Raf14 (MD),"{nastavnik=Djuric Milan, tip=P, grupa=4d2, 4d3, predmet=Animirana grafika}"
18:15,21:00,PET,,Ucionica:Raf14 (MD),"{nastavnik=Koturanovic Aleksandar, tip=V, grupa=4d2, 4d3, predmet=Animirana grafika}"
18:15,20:00,SRE,,Ucionica:Raf14 (MD),"{nastavnik=Rubil Goran, tip=P, grupa=4d2, 4d3, predmet=Uvod u 3D animaciju}"
09:15,11:00,UTO,,Ucionica:Raf14 (MD),"{nastavnik=Rubil Goran, tip=V, grupa=4d2, 4d3, predmet=Uvod u 3D animaciju}"
12:15,15:00,UTO,,Ucionica:Raf13 (MD),"{nastavnik=Malesevic Nenad, tip=P, grupa=4d2, 4d3, predmet=Poetika fotografske umetnosti}"
12:15,15:00,SRE,,Ucionica:Raf13 (MD),"{nastavnik=Jeremic Lana, tip=V, grupa=4d3, predmet=Poetika fotografske umetnosti}"
18:15,21:00,PON,,Ucionica:Raf07 (u),"{nastavnik=ZZ RG, tip=P, grupa=MFC, predmet=MFC}"
18:15,21:00,UTO,,Ucionica:Raf07 (u),"{nastavnik=ZZ RG, tip=P, grupa=MFC, predmet=MFC}"
18:15,21:00,SRE,,Ucionica:Raf07 (u),"{nastavnik=ZZ RG, tip=P, grupa=MFC, predmet=MFC}"
18:15,21:00,PET,,Ucionica:Raf07 (u),"{nastavnik=ZZ RG, tip=P, grupa=MFC, predmet=MFC}"
17:15,19:00,UTO,,Ucionica:Raf08 (a),"{nastavnik=Mladenovic Marko, tip=P, grupa=Ponovci, predmet=Kombinatorika i teorija grafova}"
18:15,20:00,ČET,,Ucionica:Raf10 (a),"{nastavnik=Mladenovic Marko, tip=V, grupa=Ponovci, predmet=Kombinatorika i teorija grafova}"
09:15,16:00,PON,,Ucionica:Rg01 (u),"{nastavnik=ZZ RG, tip=P, grupa=RG, predmet=ZZ RG 01}"
09:15,16:00,UTO,,Ucionica:Rg01 (u),"{nastavnik=ZZ RG, tip=P, grupa=RG, predmet=ZZ RG 01}"
09:15,16:00,SRE,,Ucionica:Rg01 (u),"{nastavnik=ZZ RG, tip=P, grupa=RG, predmet=ZZ RG 01}"
09:15,16:00,ČET,,Ucionica:Rg01 (u),"{nastavnik=ZZ RG, tip=P, grupa=RG, predmet=ZZ RG 01}"
09:15,16:00,PET,,Ucionica:Rg01 (u),"{nastavnik=ZZ RG, tip=P, grupa=RG, predmet=ZZ RG 01}"
09:15,16:00,PON,,Ucionica:Rg02 (u),"{nastavnik=ZZ RG, tip=P, grupa=RG, predmet=ZZ RG02}"
09:15,16:00,UTO,,Ucionica:Rg02 (u),"{nastavnik=ZZ RG, tip=P, grupa=RG, predmet=ZZ RG02}"
09:15,16:00,SRE,,Ucionica:Rg02 (u),"{nastavnik=ZZ RG, tip=P, grupa=RG, predmet=ZZ RG02}"
09:15,15:00,ČET,,Ucionica:Rg02 (u),"{nastavnik=ZZ RG, tip=P, grupa=RG, predmet=ZZ RG02}"
09:15,16:00,PET,,Ucionica:Rg02 (u),"{nastavnik=ZZ RG, tip=P, grupa=RG, predmet=ZZ RG02}"
09:15,13:00,PON,,Ucionica:Rg06 (u),"{nastavnik=ZZ RG, tip=P, grupa=RG, predmet=ZZ RG 06}"
09:15,16:00,UTO,,Ucionica:Rg06 (u),"{nastavnik=ZZ RG, tip=P, grupa=RG, predmet=ZZ RG 06}"
09:15,16:00,SRE,,Ucionica:Rg06 (u),"{nastavnik=ZZ RG, tip=P, grupa=RG, predmet=ZZ RG 06}"
09:15,16:00,ČET,,Ucionica:Rg06 (u),"{nastavnik=ZZ RG, tip=P, grupa=RG, predmet=ZZ RG 06}"
09:15,16:00,PET,,Ucionica:Rg06 (u),"{nastavnik=ZZ RG, tip=P, grupa=RG, predmet=ZZ RG 06}"
09:15,16:00,PON,,Ucionica:Raf06 (a),"{nastavnik=ZZ RG, tip=P, grupa=RG, predmet=ZZ RAF 6}"
09:15,14:00,UTO,,Ucionica:Raf06 (a),"{nastavnik=ZZ RG, tip=P, grupa=RG, predmet=ZZ RAF 6}"
09:15,16:00,SRE,,Ucionica:Raf06 (a),"{nastavnik=ZZ RG, tip=P, grupa=RG, predmet=ZZ RAF 6}"
09:15,14:00,ČET,,Ucionica:Raf06 (a),"{nastavnik=ZZ RG, tip=P, grupa=RG, predmet=ZZ RAF 6}"
09:15,16:00,PET,,Ucionica:Raf06 (a),"{nastavnik=ZZ RG, tip=P, grupa=RG, predmet=ZZ RAF 6}"
09:15,19:00,PON,,Ucionica:Kolarac1,"{nastavnik=ZZ RG, tip=P, grupa=RG, predmet=ZZ K1}"
19:15,21:00,PON,,Ucionica:Kolarac1,"{nastavnik=ZZ RG, tip=P, grupa=RG, predmet=ZZ K1}"
09:15,19:00,UTO,,Ucionica:Kolarac1,"{nastavnik=ZZ RG, tip=P, grupa=RG, predmet=ZZ K1}"
19:15,21:00,UTO,,Ucionica:Kolarac1,"{nastavnik=ZZ RG, tip=P, grupa=RG, predmet=ZZ K1}"
09:15,19:00,SRE,,Ucionica:Kolarac1,"{nastavnik=ZZ RG, tip=P, grupa=RG, predmet=ZZ K1}"
19:15,21:00,SRE,,Ucionica:Kolarac1,"{nastavnik=ZZ RG, tip=P, grupa=RG, predmet=ZZ K1}"
18:15,21:00,ČET,,Ucionica:Kolarac1,"{nastavnik=ZZ RG, tip=P, grupa=RG, predmet=ZZ K1}"
09:15,19:00,PET,,Ucionica:Kolarac1,"{nastavnik=ZZ RG, tip=P, grupa=RG, predmet=ZZ K1}"
19:15,21:00,PET,,Ucionica:Kolarac1,"{nastavnik=ZZ RG, tip=P, grupa=RG, predmet=ZZ K1}"
18:15,21:00,PON,,Ucionica:Kolarac2,"{nastavnik=ZZ RG, tip=P, grupa=RG, predmet=ZZ K2}"
09:15,19:00,UTO,,Ucionica:Kolarac2,"{nastavnik=ZZ RG, tip=P, grupa=RG, predmet=ZZ K2}"
19:15,21:00,UTO,,Ucionica:Kolarac2,"{nastavnik=ZZ RG, tip=P, grupa=RG, predmet=ZZ K2}"
18:15,21:00,SRE,,Ucionica:Kolarac2,"{nastavnik=ZZ RG, tip=P, grupa=RG, predmet=ZZ K2}"
09:15,19:00,ČET,,Ucionica:Kolarac2,"{nastavnik=ZZ RG, tip=P, grupa=RG, predmet=ZZ K2}"
19:15,21:00,ČET,,Ucionica:Kolarac2,"{nastavnik=ZZ RG, tip=P, grupa=RG, predmet=ZZ K2}"
09:15,19:00,PET,,Ucionica:Kolarac2,"{nastavnik=ZZ RG, tip=P, grupa=RG, predmet=ZZ K2}"
19:15,21:00,PET,,Ucionica:Kolarac2,"{nastavnik=ZZ RG, tip=P, grupa=RG, predmet=ZZ K2}"
19:15,21:00,PON,,Ucionica:Kolarac3,"{nastavnik=ZZ RG, tip=P, grupa=RG, predmet=ZZ K3}"
20:15,21:00,UTO,,Ucionica:Kolarac3,"{nastavnik=ZZ RG, tip=P, grupa=RG, predmet=ZZ K3}"
19:15,21:00,SRE,,Ucionica:Kolarac3,"{nastavnik=ZZ RG, tip=P, grupa=RG, predmet=ZZ K3}"
19:15,21:00,ČET,,Ucionica:Kolarac3,"{nastavnik=ZZ RG, tip=P, grupa=RG, predmet=ZZ K3}"
19:15,21:00,PET,,Ucionica:Kolarac3,"{nastavnik=ZZ RG, tip=P, grupa=RG, predmet=ZZ K3}"
09:15,14:00,PON,,Ucionica:Raf11 (a),"{nastavnik=ZZ RG, tip=P, grupa=RG, predmet=ZZ Raf 11}"
09:15,14:00,UTO,,Ucionica:Raf11 (a),"{nastavnik=ZZ RG, tip=P, grupa=RG, predmet=ZZ Raf 11}"
09:15,14:00,SRE,,Ucionica:Raf11 (a),"{nastavnik=ZZ RG, tip=P, grupa=RG, predmet=ZZ Raf 11}"
09:15,14:00,ČET,,Ucionica:Raf11 (a),"{nastavnik=ZZ RG, tip=P, grupa=RG, predmet=ZZ Raf 11}"
09:15,14:00,PET,,Ucionica:Raf11 (a),"{nastavnik=ZZ RG, tip=P, grupa=RG, predmet=ZZ Raf 11}"
09:15,14:00,PON,,Ucionica:Raf10 (a),"{nastavnik=ZZ RG, tip=P, grupa=RG, predmet=ZZ Raf 10}"
09:15,13:00,UTO,,Ucionica:Raf10 (a),"{nastavnik=ZZ RG, tip=P, grupa=RG, predmet=ZZ Raf 10}"
09:15,14:00,SRE,,Ucionica:Raf10 (a),"{nastavnik=ZZ RG, tip=P, grupa=RG, predmet=ZZ Raf 10}"
09:15,14:00,ČET,,Ucionica:Raf10 (a),"{nastavnik=ZZ RG, tip=P, grupa=RG, predmet=ZZ Raf 10}"
09:15,14:00,PET,,Ucionica:Raf10 (a),"{nastavnik=ZZ RG, tip=P, grupa=RG, predmet=ZZ Raf 10}"
09:15,15:00,PON,,Ucionica:Raf08 (a),"{nastavnik=ZZ RG, tip=P, grupa=RG, predmet=ZZ Raf 08}"
09:15,13:00,UTO,,Ucionica:Raf08 (a),"{nastavnik=ZZ RG, tip=P, grupa=RG, predmet=ZZ Raf 08}"
09:15,15:00,SRE,,Ucionica:Raf08 (a),"{nastavnik=ZZ RG, tip=P, grupa=RG, predmet=ZZ Raf 08}"
09:15,15:00,ČET,,Ucionica:Raf08 (a),"{nastavnik=ZZ RG, tip=P, grupa=RG, predmet=ZZ Raf 08}"
09:15,15:00,PET,,Ucionica:Raf08 (a),"{nastavnik=ZZ RG, tip=P, grupa=RG, predmet=ZZ Raf 08}"
09:15,14:00,PON,,Ucionica:Raf19 (a),"{nastavnik=ZZ RG, tip=P, grupa=RG, predmet=ZZ Raf 19}"
09:15,14:00,UTO,,Ucionica:Raf19 (a),"{nastavnik=ZZ RG, tip=P, grupa=RG, predmet=ZZ Raf 19}"
09:15,14:00,SRE,,Ucionica:Raf19 (a),"{nastavnik=ZZ RG, tip=P, grupa=RG, predmet=ZZ Raf 19}"
09:15,14:00,ČET,,Ucionica:Raf19 (a),"{nastavnik=ZZ RG, tip=P, grupa=RG, predmet=ZZ Raf 19}"
09:15,14:00,PET,,Ucionica:Raf19 (a),"{nastavnik=ZZ RG, tip=P, grupa=RG, predmet=ZZ Raf 19}"
09:15,16:00,PON,,Ucionica:Rg04 (u),"{nastavnik=ZZ RG, tip=P, grupa=RG, predmet=ZZ RG 4}"
09:15,16:00,UTO,,Ucionica:Rg04 (u),"{nastavnik=ZZ RG, tip=P, grupa=RG, predmet=ZZ RG 4}"
09:15,16:00,SRE,,Ucionica:Rg04 (u),"{nastavnik=ZZ RG, tip=P, grupa=RG, predmet=ZZ RG 4}"
09:15,15:00,ČET,,Ucionica:Rg04 (u),"{nastavnik=ZZ RG, tip=P, grupa=RG, predmet=ZZ RG 4}"
09:15,16:00,PET,,Ucionica:Rg04 (u),"{nastavnik=ZZ RG, tip=P, grupa=RG, predmet=ZZ RG 4}"
09:15,16:00,PON,,Ucionica:Raf09 (a),"{nastavnik=ZZ RG, tip=P, grupa=RG, predmet=ZZ Raf 9}"
08:15,14:00,UTO,,Ucionica:Raf09 (a),"{nastavnik=ZZ RG, tip=P, grupa=RG, predmet=ZZ Raf 9}"
09:15,14:00,SRE,,Ucionica:Raf09 (a),"{nastavnik=ZZ RG, tip=P, grupa=RG, predmet=ZZ Raf 9}"
09:15,14:00,ČET,,Ucionica:Raf09 (a),"{nastavnik=ZZ RG, tip=P, grupa=RG, predmet=ZZ Raf 9}"
09:15,16:00,PET,,Ucionica:Raf09 (a),"{nastavnik=ZZ RG, tip=P, grupa=RG, predmet=ZZ Raf 9}"
09:15,14:00,PON,,Ucionica:Raf18 (a),"{nastavnik=ZZ RG, tip=P, grupa=RG, predmet=ZZ Raf 18}"
09:15,14:00,UTO,,Ucionica:Raf18 (a),"{nastavnik=ZZ RG, tip=P, grupa=RG, predmet=ZZ Raf 18}"
09:15,14:00,SRE,,Ucionica:Raf18 (a),"{nastavnik=ZZ RG, tip=P, grupa=RG, predmet=ZZ Raf 18}"
09:15,14:00,ČET,,Ucionica:Raf18 (a),"{nastavnik=ZZ RG, tip=P, grupa=RG, predmet=ZZ Raf 18}"
09:15,14:00,PET,,Ucionica:Raf18 (a),"{nastavnik=ZZ RG, tip=P, grupa=RG, predmet=ZZ Raf 18}"
